{"name":"0e458067-b04e-4854-b91c-89e417486cf5","id":"/providers/Microsoft.Flow/flows/0e458067-b04e-4854-b91c-89e417486cf5","type":"Microsoft.Flow/flows","properties":{"apiId":"/providers/Microsoft.PowerApps/apis/shared_logicflows","displayName":"Flow2duplicate","definition":{"metadata":{"workflowEntityId":null,"processAdvisorMetadata":null,"flowChargedByPaygo":null,"flowclientsuspensionreason":"None","flowclientsuspensiontime":null,"flowclientsuspensionreasondetails":null,"creator":{"id":"6002716c-a0d2-464b-ac3a-55be742ecb94","type":"User","tenantId":"68283f3b-8487-4c86-adb3-a5228f18b893"},"provisioningMethod":"FromDefinition","failureAlertSubscription":true,"clientLastModifiedTime":"2025-11-11T08:19:24.1521063Z","connectionKeySavedTimeKey":"2025-11-11T08:19:24.1521063Z","creationSource":null,"modifiedSources":"Portal"},"$schema":"https://schema.management.azure.com/providers/Microsoft.Logic/schemas/2016-06-01/workflowdefinition.json#","contentVersion":"1.0.0.0","parameters":{"$authentication":{"defaultValue":{},"type":"SecureObject"},"$connections":{"defaultValue":{},"type":"Object"}},"triggers":{"Recurrence":{"recurrence":{"interval":120,"frequency":"Minute","timeZone":"South Africa Standard Time"},"evaluatedRecurrence":{"interval":120,"frequency":"Minute","timeZone":"South Africa Standard Time"},"type":"Recurrence"}},"actions":{"Get_file_content_All_TX_Netcool_Export":{"runAfter":{},"metadata":{"%252fShared%2bDocuments%252fData%252fAll_TX_Netcool_Export.xlsx":"/Shared Documents/Data/All_TX_Netcool_Export.xlsx"},"type":"OpenApiConnection","inputs":{"parameters":{"dataset":"https://vodafone.sharepoint.com/sites/ASOCInnovateam","id":"%252fShared%2bDocuments%252fData%252fAll_TX_Netcool_Export.xlsx","inferContentType":true},"host":{"apiId":"/providers/Microsoft.PowerApps/apis/shared_sharepointonline","connectionName":"shared_sharepointonline","operationId":"GetFileContent"},"authentication":"@parameters('$authentication')"}},"List_rows_present_in_a_All_TX_Netcool_Export":{"runAfter":{"Get_file_content_All_TX_Netcool_Export":["Succeeded"]},"metadata":{"01CCPCCM4DTHEDEKQM2NCZVBBKRJZ4CG23":"/Data/All_TX_Netcool_Export.xlsx","tableId":"{33E5A074-85F2-4ABA-AFDC-9B5F491DAB07}"},"type":"OpenApiConnection","inputs":{"parameters":{"source":"groups/886128b7-0b4b-4b9e-969c-bd4eb8155ef5","drive":"b!OoKoP9_lDEizlN0U5wgFOn2oPYxW1jNIi-zzAt5nNPOQdjnr2jCGQ5-kKmFyG4Hg","file":"01CCPCCM4DTHEDEKQM2NCZVBBKRJZ4CG23","table":"{33E5A074-85F2-4ABA-AFDC-9B5F491DAB07}"},"host":{"apiId":"/providers/Microsoft.PowerApps/apis/shared_excelonlinebusiness","connectionName":"shared_excelonlinebusiness","operationId":"GetItems"},"authentication":"@parameters('$authentication')"}},"AlertKey_variable":{"runAfter":{"List_rows_present_in_a_All_TX_Netcool_Export":["Succeeded"]},"type":"InitializeVariable","inputs":{"variables":[{"name":"variableAlertKeyFilteredRows","type":"array","value":[]}]}},"Apply_to_each":{"foreach":"@outputs('List_rows_present_in_a_All_TX_Netcool_Export')?['body/value']","actions":{"Condition":{"actions":{"Append_to_AlertKey_variable":{"type":"AppendToArrayVariable","inputs":{"name":"variableAlertKeyFilteredRows","value":"@json(concat(\r\n  '{',\r\n  '\"TTRef\":\"', string(item()?['TTRef']), '\",',\r\n  '\"AlertKey\":\"', string(item()?['AlertKeys']), '\",',\r\n  '\"Node\":\"', string(item()?['Node']), '\",',\r\n  '\"TechType\":\"', string(item()?['TechType']), '\",',\r\n  '\"FirstOccurrence\":\"', string(item()?['FirstOccurrence']), '\",',\r\n  '\"ClearTime\":\"', string(item()?['ClearTime']), '\",',\r\n  '\"LocationName\":\"', string(item()?['LocationName']), '\"',\r\n  '}'\r\n))"}}},"else":{"actions":{}},"expression":{"or":[{"contains":["@items('Apply_to_each')?['AlertKey']","DEVICE_POWERED_OF"]},{"contains":["@items('Apply_to_each')?['AlertKey']","THE_DEVICE_IS_OFFLINE"]},{"contains":["@items('Apply_to_each')?['AlertKey']","REACHABILITYPROBLEM"]}]},"type":"If"}},"runAfter":{"AlertKey_variable":["Succeeded"]},"type":"Foreach"},"Apply_to_each_Alert":{"foreach":"@variables('variableAlertKeyFilteredRows')","actions":{"For_each":{"foreach":"@outputs('List_rows_present_in_a_All_TX_Netcool_Export')?['body/value']","actions":{"Add_a_row_into_a_table_Tx_node_down":{"metadata":{"01CCPCCM27DFTX6SHWNRD2HKLD27HGYN63":"/Data/All_TX_Netcool_Export_Tx_node_down1.xlsx","tableId":"{F583B6CF-8E2B-4409-9AE4-05CD48D47BE9}"},"type":"OpenApiConnection","inputs":{"parameters":{"source":"groups/886128b7-0b4b-4b9e-969c-bd4eb8155ef5","drive":"b!OoKoP9_lDEizlN0U5wgFOn2oPYxW1jNIi-zzAt5nNPOQdjnr2jCGQ5-kKmFyG4Hg","file":"01CCPCCM27DFTX6SHWNRD2HKLD27HGYN63","table":"{F583B6CF-8E2B-4409-9AE4-05CD48D47BE9}","item/TTRef":"item()?['TTRef']","item/AlertKey":"item()?['AlertKey']","item/Node":"item()?['Node']","item/TechType":"item()?['TechType']","item/FirstOccurrence":"item()?['FirstOccurrence']","item/ClearTime":"item()?['ClearTime']","item/LocationName":"item()?['LocationName']"},"host":{"apiId":"/providers/Microsoft.PowerApps/apis/shared_excelonlinebusiness","connectionName":"shared_excelonlinebusiness","operationId":"AddRowV2"},"authentication":"@parameters('$authentication')"}}},"type":"Foreach"}},"runAfter":{"Apply_to_each":["Succeeded"]},"type":"Foreach"},"Get_file_content_of_table_Tx_node_down":{"runAfter":{"Apply_to_each_Alert":["Succeeded"]},"metadata":{"%252fShared%2bDocuments%252fData%252fAll_TX_Netcool_Export_Tx_node_down1.xlsx":"/Shared Documents/Data/All_TX_Netcool_Export_Tx_node_down1.xlsx"},"type":"OpenApiConnection","inputs":{"parameters":{"dataset":"https://vodafone.sharepoint.com/sites/ASOCInnovateam","id":"%252fShared%2bDocuments%252fData%252fAll_TX_Netcool_Export_Tx_node_down1.xlsx","inferContentType":true},"host":{"apiId":"/providers/Microsoft.PowerApps/apis/shared_sharepointonline","connectionName":"shared_sharepointonline","operationId":"GetFileContent"},"authentication":"@parameters('$authentication')"}},"List_rows_present_in_a_table_Tx_node_down":{"runAfter":{"Get_file_content_of_table_Tx_node_down":["Succeeded"]},"metadata":{"01CCPCCM27DFTX6SHWNRD2HKLD27HGYN63":"/Data/All_TX_Netcool_Export_Tx_node_down1.xlsx","tableId":"{F583B6CF-8E2B-4409-9AE4-05CD48D47BE9}"},"type":"OpenApiConnection","inputs":{"parameters":{"source":"groups/886128b7-0b4b-4b9e-969c-bd4eb8155ef5","drive":"b!OoKoP9_lDEizlN0U5wgFOn2oPYxW1jNIi-zzAt5nNPOQdjnr2jCGQ5-kKmFyG4Hg","file":"01CCPCCM27DFTX6SHWNRD2HKLD27HGYN63","table":"{F583B6CF-8E2B-4409-9AE4-05CD48D47BE9}"},"host":{"apiId":"/providers/Microsoft.PowerApps/apis/shared_excelonlinebusiness","connectionName":"shared_excelonlinebusiness","operationId":"GetItems"},"authentication":"@parameters('$authentication')"}},"Initialize_variable_AlertDictionary":{"runAfter":{"List_rows_present_in_a_table_Tx_node_down":["Succeeded"]},"type":"InitializeVariable","inputs":{"variables":[{"name":"AlertDictionary","type":"object","value":{}}]}},"Apply_to_each_2":{"foreach":"@outputs('List_rows_present_in_a_table_Tx_node_down')?['body/value']","actions":{"Compose_Key":{"type":"Compose","inputs":"@items('Apply_to_each_2')?['Node']"},"Compose_Value":{"runAfter":{"Compose_Key":["Succeeded"]},"type":"Compose","inputs":"items('Apply_to_each')"},"Set_variable":{"runAfter":{"Compose_Value":["Succeeded"]},"type":"SetVariable","inputs":{"name":"AlertDictionary","value":"@\r\njson(concat('{', \r\n  '\"', outputs('Compose_Key'), '\":', \r\n  string(outputs('Compose_Value')), \r\n  '}'))\r\n"}}},"runAfter":{"Initialize_variable_AlertDictionary":["Succeeded"]},"type":"Foreach"},"List_rows_present_in_a_table_TX_HubSite_Report_ZA":{"runAfter":{"Apply_to_each_2":["Succeeded"]},"metadata":{"01CCPCCMZARLZDM4AH2RFIHR6VUQVZXBVV":"/Data/TX_HubSite_Report_ZA.xlsx","tableId":"{E8219DAD-8B35-4E26-90D5-4AB782999DA7}"},"type":"OpenApiConnection","inputs":{"parameters":{"source":"groups/886128b7-0b4b-4b9e-969c-bd4eb8155ef5","drive":"b!OoKoP9_lDEizlN0U5wgFOn2oPYxW1jNIi-zzAt5nNPOQdjnr2jCGQ5-kKmFyG4Hg","file":"01CCPCCMZARLZDM4AH2RFIHR6VUQVZXBVV","table":"{E8219DAD-8B35-4E26-90D5-4AB782999DA7}"},"host":{"apiId":"/providers/Microsoft.PowerApps/apis/shared_excelonlinebusiness","connectionName":"shared_excelonlinebusiness","operationId":"GetItems"},"authentication":"@parameters('$authentication')"}},"Apply_to_each_3":{"foreach":"@outputs('List_rows_present_in_a_table_TX_HubSite_Report_ZA')?['body/value']","actions":{"Compose_2":{"type":"Compose","inputs":"items('Apply_to_each')?['nodename']"},"Condition_1":{"actions":{"Compose_MatchedResults":{"type":"Compose","inputs":"json(concat(\n  '{',\n  '\"nodename\":\"', items('Apply_to_each')?['nodename'], '\",',\n  '\"region\":\"', items('Apply_to_each')?['region'], '\",',\n  '\"site_type\":\"', items('Apply_to_each')?['site_type'], '\",',\n  '\"hub_site_data\":', string(items('Apply_to_each')), ',',\n  '\"alert_data\":', string(variables('AlertDictionary')[outputs('Compose'])),\n  '}'\n))"},"Append_to_array_variable_MatchedResults":{"runAfter":{"Compose_MatchedResults":["Succeeded"]},"type":"AppendToArrayVariable","inputs":{"name":"MatchedResults","value":"@outputs('Compose_MatchedResults')"}}},"runAfter":{"Compose_2":["Succeeded"]},"else":{"actions":{}},"expression":{"and":[{"equals":["@contains(variables('AlertDictionary'), outputs('Compose_Key'))",""]}]},"type":"If"}},"runAfter":{"Initialize_variable_MatchedResults":["Succeeded"]},"type":"Foreach"},"Initialize_variable_MatchedResults":{"runAfter":{"List_rows_present_in_a_table_TX_HubSite_Report_ZA":["Succeeded"]},"type":"InitializeVariable","inputs":{"variables":[{"name":"MatchedResults","type":"array","value":[]}]}},"Filter_array":{"runAfter":{"Apply_to_each_3":["Succeeded"]},"type":"Query","inputs":{"from":"@variables('MatchedResults')","where":"@and(\n  not(empty(item()?['listofvbs'])),\n  not(empty(item()?['TTRef']))\n)\n"}},"For_each_1":{"foreach":"@outputs('Filter_array')['body']","actions":{"Select":{"type":"Select","inputs":{"from":"@variables('MatchedResults')","select":{"TTRef":"TTRef","AlertKey":"AlertKey","Node":"Node","TechType":"TechType","FirstOccurrence":"FirstOccurrence","ClearTime":"ClearTime","LocationName":"LocationName","numvbs":"","listofvbs":"listofvbs"}}}},"runAfter":{"Filter_array":["Succeeded"]},"type":"Foreach"}},"outputs":{}},"connectionReferences":{"shared_sharepointonline":{"connectionName":"shared-sharepointonl-3efe7e6a-1f50-4567-8285-ab67a0e3e205","source":"Embedded","id":"/providers/Microsoft.PowerApps/apis/shared_sharepointonline","tier":"NotSpecified","apiName":"sharepointonline","isProcessSimpleApiReferenceConversionAlreadyDone":false},"shared_excelonlinebusiness":{"connectionName":"shared-excelonlinebu-06dcac00-3ce5-48b9-8dbd-14e766358b23","source":"Embedded","id":"/providers/Microsoft.PowerApps/apis/shared_excelonlinebusiness","tier":"NotSpecified","apiName":"excelonlinebusiness","isProcessSimpleApiReferenceConversionAlreadyDone":false}},"flowFailureAlertSubscribed":false,"isManaged":false}}